file_name,field,llm_value,rules_value,llm_normalized,rules_normalized,match,severity,notes
batch1-0331.jpg,seller_name,Ochoa-Scott,Ochoa-Scott,Ochoa-Scott,Ochoa-Scott,True,,
batch1-0331.jpg,seller_tax_id,921-82-1053,921-82-1053,921-82-1053,921-82-1053,True,,
batch1-0331.jpg,client_name,Green LLC,Green LLC,Green LLC,Green LLC,True,,
batch1-0331.jpg,client_tax_id,965-99-1263,965-99-1263,965-99-1263,965-99-1263,True,,
batch1-0331.jpg,invoice_number,94138597,94138597,94138597,94138597,True,,
batch1-0331.jpg,invoice_date,02/05/2018,02/05/2018,2018-02-05,2018-02-05,True,,
batch1-0331.jpg,net_worth,"$1 612,50","1 612,50",1612.50,1612.50,True,,formatting_only
batch1-0331.jpg,vat,"$ 161,25","161,25",161.25,161.25,True,,formatting_only
batch1-0331.jpg,gross_worth,"$1773,75","1773,75",1773.75,1773.75,True,,formatting_only
batch1-0332.jpg,seller_name,Chavez Ltd,Chavez Ltd,Chavez Ltd,Chavez Ltd,True,,
batch1-0332.jpg,seller_tax_id,904-77-6503,904-77-6503,904-77-6503,904-77-6503,True,,
batch1-0332.jpg,client_name,Roberts Ltd,Roberts Ltd,Roberts Ltd,Roberts Ltd,True,,
batch1-0332.jpg,client_tax_id,956-94-0439,956-94-0439,956-94-0439,956-94-0439,True,,
batch1-0332.jpg,invoice_number,13507183,13507183,13507183,13507183,True,,
batch1-0332.jpg,invoice_date,09/09/2015,09/09/2015,2015-09-09,2015-09-09,True,,
batch1-0332.jpg,net_worth,"1 026,72","1 026,72",1026.72,1026.72,True,,
batch1-0332.jpg,vat,"102,67","102,67",102.67,102.67,True,,
batch1-0332.jpg,gross_worth,"1 129,39","1129,39",1129.39,1129.39,True,,formatting_only
batch1-0333.jpg,seller_name,"Solomon, Ford and Ellis","Solomon, Ford and Ellis","Solomon, Ford and Ellis","Solomon, Ford and Ellis",True,,
batch1-0333.jpg,seller_tax_id,954-73-2478,954-73-2478,954-73-2478,954-73-2478,True,,
batch1-0333.jpg,client_name,Hamilton-Jackson,Hamilton-Jackson,Hamilton-Jackson,Hamilton-Jackson,True,,
batch1-0333.jpg,client_tax_id,988-96-5706,988-96-5706,988-96-5706,988-96-5706,True,,
batch1-0333.jpg,invoice_number,74819543,74819543,74819543,74819543,True,,
batch1-0333.jpg,invoice_date,10/07/2020,10/07/2020,2020-10-07,2020-10-07,True,,
batch1-0333.jpg,net_worth,"125,00","125,00",125.00,125.00,True,,
batch1-0333.jpg,vat,"12,50","12,50",12.50,12.50,True,,
batch1-0333.jpg,gross_worth,"137,50","137,50",137.50,137.50,True,,
batch1-0334.jpg,seller_name,Duncan Ltd,Duncan Ltd,Duncan Ltd,Duncan Ltd,True,,
batch1-0334.jpg,seller_tax_id,964-84-8594,964-84-8594,964-84-8594,964-84-8594,True,,
batch1-0334.jpg,client_name,Edwards-Archer,Edwards-Archer,Edwards-Archer,Edwards-Archer,True,,
batch1-0334.jpg,client_tax_id,909-91-4017,909-91-4017,909-91-4017,909-91-4017,True,,
batch1-0334.jpg,invoice_number,65498230,65498230,65498230,65498230,True,,
batch1-0334.jpg,invoice_date,02/16/2021,02/16/2021,2021-02-16,2021-02-16,True,,
batch1-0334.jpg,net_worth,"$ 45,50","45,50",45.50,45.50,True,,formatting_only
batch1-0334.jpg,vat,"$ 4,55","4,55",4.55,4.55,True,,formatting_only
batch1-0334.jpg,gross_worth,"$ 50,05","50,05",50.05,50.05,True,,formatting_only
batch1-0335.jpg,seller_name,Johnson-Brooks,Johnson-Brooks,Johnson-Brooks,Johnson-Brooks,True,,
batch1-0335.jpg,seller_tax_id,964-92-2746,964-92-2746,964-92-2746,964-92-2746,True,,
batch1-0335.jpg,client_name,"Proctor, Morgan and Williams","Proctor, Morgan and Williams","Proctor, Morgan and Williams","Proctor, Morgan and Williams",True,,
batch1-0335.jpg,client_tax_id,939-82-6262,939-82-6262,939-82-6262,939-82-6262,True,,
batch1-0335.jpg,invoice_number,51467723,51467723,51467723,51467723,True,,
batch1-0335.jpg,invoice_date,04/21/2019,04/21/2019,2019-04-21,2019-04-21,True,,
batch1-0335.jpg,net_worth,"$ 96 817,20","96 817,20",96817.20,96817.20,True,,formatting_only
batch1-0335.jpg,vat,"$ 9 681,72","9 681,72",9681.72,9681.72,True,,formatting_only
batch1-0335.jpg,gross_worth,"$ 106 498,92","106 498,92",106498.92,106498.92,True,,formatting_only
batch1-0336.jpg,seller_name,Decker PLC,Decker PLC,Decker PLC,Decker PLC,True,,
batch1-0336.jpg,seller_tax_id,957-87-4031,957-87-4031,957-87-4031,957-87-4031,True,,
batch1-0336.jpg,client_name,Boyle Ltd,Boyle Ltd,Boyle Ltd,Boyle Ltd,True,,
batch1-0336.jpg,client_tax_id,993-86-3706,993-86-3706,993-86-3706,993-86-3706,True,,
batch1-0336.jpg,invoice_number,97511742,97511742,97511742,97511742,True,,
batch1-0336.jpg,invoice_date,04/07/2016,04/07/2016,2016-04-07,2016-04-07,True,,
batch1-0336.jpg,net_worth,"4 314,93","4 314,93",4314.93,4314.93,True,,
batch1-0336.jpg,vat,"431,49","431,49",431.49,431.49,True,,
batch1-0336.jpg,gross_worth,"4 746,42","4 746,42",4746.42,4746.42,True,,
batch1-0337.jpg,seller_name,"Snyder, Bryan and Booth","Snyder, Bryan and Booth","Snyder, Bryan and Booth","Snyder, Bryan and Booth",True,,
batch1-0337.jpg,seller_tax_id,983-70-0913,983-70-0913,983-70-0913,983-70-0913,True,,
batch1-0337.jpg,client_name,Ashley-Perry,Ashley-Perry,Ashley-Perry,Ashley-Perry,True,,
batch1-0337.jpg,client_tax_id,981-88-6259,981-88-6259,981-88-6259,981-88-6259,True,,
batch1-0337.jpg,invoice_number,94098997,94098997,94098997,94098997,True,,
batch1-0337.jpg,invoice_date,10/04/2020,10/04/2020,2020-10-04,2020-10-04,True,,
batch1-0337.jpg,net_worth,"13 846,77","13 846,77",13846.77,13846.77,True,,
batch1-0337.jpg,vat,"1 384,68","1 384,68",1384.68,1384.68,True,,
batch1-0337.jpg,gross_worth,"15 231,45","15 231,45",15231.45,15231.45,True,,
batch1-0338.jpg,seller_name,Bailey PLC,Bailey PLC,Bailey PLC,Bailey PLC,True,,
batch1-0338.jpg,seller_tax_id,918-95-6591,918-95-6591,918-95-6591,918-95-6591,True,,
batch1-0338.jpg,client_name,Turner Inc,Turner Inc,Turner Inc,Turner Inc,True,,
batch1-0338.jpg,client_tax_id,998-92-7755,998-92-7755,998-92-7755,998-92-7755,True,,
batch1-0338.jpg,invoice_number,11926242,11926242,11926242,11926242,True,,
batch1-0338.jpg,invoice_date,03/01/2012,03/01/2012,2012-03-01,2012-03-01,True,,
batch1-0338.jpg,net_worth,"3 340,47","3 340,47",3340.47,3340.47,True,,
batch1-0338.jpg,vat,"334,05","334,05",334.05,334.05,True,,
batch1-0338.jpg,gross_worth,"3 674,52","3 674,52",3674.52,3674.52,True,,
batch1-0339.jpg,seller_name,Rodriguez-Barnett,Rodriguez-Barnett,Rodriguez-Barnett,Rodriguez-Barnett,True,,
batch1-0339.jpg,seller_tax_id,986-88-3758,986-88-3758,986-88-3758,986-88-3758,True,,
batch1-0339.jpg,client_name,"Le, Lawson and Rios","Le, Lawson and Rios","Le, Lawson and Rios","Le, Lawson and Rios",True,,
batch1-0339.jpg,client_tax_id,967-80-5679,967-80-5679,967-80-5679,967-80-5679,True,,
batch1-0339.jpg,invoice_number,48531206,48531206,48531206,48531206,True,,
batch1-0339.jpg,invoice_date,08/03/2019,08/03/2019,2019-08-03,2019-08-03,True,,
batch1-0339.jpg,net_worth,"5 587,91","5 587,91",5587.91,5587.91,True,,
batch1-0339.jpg,vat,"558,79","558,79",558.79,558.79,True,,
batch1-0339.jpg,gross_worth,"6 146,70","6 146,70",6146.70,6146.70,True,,
batch1-0340.jpg,seller_name,Daniel-Morrison,Daniel-Morrison,Daniel-Morrison,Daniel-Morrison,True,,
batch1-0340.jpg,seller_tax_id,995-99-6193,995-99-6193,995-99-6193,995-99-6193,True,,
batch1-0340.jpg,client_name,"Snyder, Benton and Reed","Snyder, Benton and Reed","Snyder, Benton and Reed","Snyder, Benton and Reed",True,,
batch1-0340.jpg,client_tax_id,999-86-4010,999-86-4010,999-86-4010,999-86-4010,True,,
batch1-0340.jpg,invoice_number,82977013,82977013,82977013,82977013,True,,
batch1-0340.jpg,invoice_date,12/06/2013,12/06/2013,2013-12-06,2013-12-06,True,,
batch1-0340.jpg,net_worth,"244,99","244,99",244.99,244.99,True,,
batch1-0340.jpg,vat,"24,50","24,50",24.50,24.50,True,,
batch1-0340.jpg,gross_worth,"269,49","269,49",269.49,269.49,True,,
batch1-0341.jpg,seller_name,Collins Group,Collins Group,Collins Group,Collins Group,True,,
batch1-0341.jpg,seller_tax_id,942-76-9532,942-76-9532,942-76-9532,942-76-9532,True,,
batch1-0341.jpg,client_name,Pope LLC,Pope LLC,Pope LLC,Pope LLC,True,,
batch1-0341.jpg,client_tax_id,918-70-1520,918-70-1520,918-70-1520,918-70-1520,True,,
batch1-0341.jpg,invoice_number,86225018,86225018,86225018,86225018,True,,
batch1-0341.jpg,invoice_date,12/18/2015,12/18/2015,2015-12-18,2015-12-18,True,,
batch1-0341.jpg,net_worth,"$ 5 409,72","5 409,72",5409.72,5409.72,True,,formatting_only
batch1-0341.jpg,vat,"$ 540,97","540,97",540.97,540.97,True,,formatting_only
batch1-0341.jpg,gross_worth,"$ 5 950,69","5 950,69",5950.69,5950.69,True,,formatting_only
batch1-0342.jpg,seller_name,Love Inc,Love Inc,Love Inc,Love Inc,True,,
batch1-0342.jpg,seller_tax_id,960-75-3286,960-75-3286,960-75-3286,960-75-3286,True,,
batch1-0342.jpg,client_name,Brown and Sons,Brown and Sons,Brown and Sons,Brown and Sons,True,,
batch1-0342.jpg,client_tax_id,992-88-6386,992-88-6386,992-88-6386,992-88-6386,True,,
batch1-0342.jpg,invoice_number,79064100,79064100,79064100,79064100,True,,
batch1-0342.jpg,invoice_date,05/25/2018,05/25/2018,2018-05-25,2018-05-25,True,,
batch1-0342.jpg,net_worth,"84,44","84,44",84.44,84.44,True,,
batch1-0342.jpg,vat,"8,44","8,44",8.44,8.44,True,,
batch1-0342.jpg,gross_worth,"92,88","92,88",92.88,92.88,True,,
batch1-0343.jpg,seller_name,Williams Group,Williams Group,Williams Group,Williams Group,True,,
batch1-0343.jpg,seller_tax_id,930-72-1637,930-72-1637,930-72-1637,930-72-1637,True,,
batch1-0343.jpg,client_name,Frazier-Davis,Frazier-Davis,Frazier-Davis,Frazier-Davis,True,,
batch1-0343.jpg,client_tax_id,952-75-5780,952-75-5780,952-75-5780,952-75-5780,True,,
batch1-0343.jpg,invoice_number,69057610,69057610,69057610,69057610,True,,
batch1-0343.jpg,invoice_date,08/20/2013,08/20/2013,2013-08-20,2013-08-20,True,,
batch1-0343.jpg,net_worth,"15 936,26","15 936,26",15936.26,15936.26,True,,
batch1-0343.jpg,vat,"1 593,63","1 593,63",1593.63,1593.63,True,,
batch1-0343.jpg,gross_worth,"17 529,89","17 529,89",17529.89,17529.89,True,,
batch1-0344.jpg,seller_name,Saunders-Lee,Saunders-Lee,Saunders-Lee,Saunders-Lee,True,,
batch1-0344.jpg,seller_tax_id,991-83-4896,991-83-4896,991-83-4896,991-83-4896,True,,
batch1-0344.jpg,client_name,Molina Inc,Molina Inc,Molina Inc,Molina Inc,True,,
batch1-0344.jpg,client_tax_id,936-85-0485,936-85-0485,936-85-0485,936-85-0485,True,,
batch1-0344.jpg,invoice_number,85473134,85473134,85473134,85473134,True,,
batch1-0344.jpg,invoice_date,04/24/2017,04/24/2017,2017-04-24,2017-04-24,True,,
batch1-0344.jpg,net_worth,"808,87","808,87",808.87,808.87,True,,
batch1-0344.jpg,vat,"80,89","80,89",80.89,80.89,True,,
batch1-0344.jpg,gross_worth,"889,76","889,76",889.76,889.76,True,,
batch1-0345.jpg,seller_name,Jones and Sons,Jones and Sons,Jones and Sons,Jones and Sons,True,,
batch1-0345.jpg,seller_tax_id,952-76-3987,952-76-3987,952-76-3987,952-76-3987,True,,
batch1-0345.jpg,client_name,Hamilton-Simmons,Hamilton-Simmons,Hamilton-Simmons,Hamilton-Simmons,True,,
batch1-0345.jpg,client_tax_id,992-84-7640,992-84-7640,992-84-7640,992-84-7640,True,,
batch1-0345.jpg,invoice_number,92919413,92919413,92919413,92919413,True,,
batch1-0345.jpg,invoice_date,10/04/2020,10/04/2020,2020-10-04,2020-10-04,True,,
batch1-0345.jpg,net_worth,"5 992,66","5 992,66",5992.66,5992.66,True,,
batch1-0345.jpg,vat,"599,27","599,27",599.27,599.27,True,,
batch1-0345.jpg,gross_worth,"6 591,93","6 591,93",6591.93,6591.93,True,,
batch1-0346.jpg,seller_name,"Moran, Harris and Smith","Moran, Harris and Smith","Moran, Harris and Smith","Moran, Harris and Smith",True,,
batch1-0346.jpg,seller_tax_id,907-77-8712,907-77-8712,907-77-8712,907-77-8712,True,,
batch1-0346.jpg,client_name,Hughes-Raymond,Hughes-Raymond,Hughes-Raymond,Hughes-Raymond,True,,
batch1-0346.jpg,client_tax_id,934-84-4841,934-84-4841,934-84-4841,934-84-4841,True,,
batch1-0346.jpg,invoice_number,49380136,49380136,49380136,49380136,True,,
batch1-0346.jpg,invoice_date,02/21/2019,02/21/2019,2019-02-21,2019-02-21,True,,
batch1-0346.jpg,net_worth,"$ 173,29","173,29",173.29,173.29,True,,formatting_only
batch1-0346.jpg,vat,"$ 17,33","17,33",17.33,17.33,True,,formatting_only
batch1-0346.jpg,gross_worth,"$ 190,62","190,62",190.62,190.62,True,,formatting_only
batch1-0347.jpg,seller_name,"Henderson, Brown and Carson","Henderson, Brown and Carson","Henderson, Brown and Carson","Henderson, Brown and Carson",True,,
batch1-0347.jpg,seller_tax_id,975-87-2875,975-87-2875,975-87-2875,975-87-2875,True,,
batch1-0347.jpg,client_name,"Brown, Dodson and Weaver","Brown, Dodson and Weaver","Brown, Dodson and Weaver","Brown, Dodson and Weaver",True,,
batch1-0347.jpg,client_tax_id,981-79-3397,981-79-3397,981-79-3397,981-79-3397,True,,
batch1-0347.jpg,invoice_number,89042780,89042780,89042780,89042780,True,,
batch1-0347.jpg,invoice_date,10/16/2015,10/16/2015,2015-10-16,2015-10-16,True,,
batch1-0347.jpg,net_worth,"1908,56","1908,56",1908.56,1908.56,True,,
batch1-0347.jpg,vat,"190,86","190,86",190.86,190.86,True,,
batch1-0347.jpg,gross_worth,"2099,42","2 099,42",2099.42,2099.42,True,,formatting_only
batch1-0348.jpg,seller_name,Miller Inc,Miller Inc,Miller Inc,Miller Inc,True,,
batch1-0348.jpg,seller_tax_id,938-92-9047,938-92-9047,938-92-9047,938-92-9047,True,,
batch1-0348.jpg,client_name,Conley-Irwin,Conley-Irwin,Conley-Irwin,Conley-Irwin,True,,
batch1-0348.jpg,client_tax_id,997-98-1436,997-98-1436,997-98-1436,997-98-1436,True,,
batch1-0348.jpg,invoice_number,50956755,50956755,50956755,50956755,True,,
batch1-0348.jpg,invoice_date,09/06/2019,09/06/2019,2019-09-06,2019-09-06,True,,
batch1-0348.jpg,net_worth,"29 049,84","29 049,84",29049.84,29049.84,True,,
batch1-0348.jpg,vat,"2 904,98","2 904,98",2904.98,2904.98,True,,
batch1-0348.jpg,gross_worth,"31 954,82","31 954,82",31954.82,31954.82,True,,
batch1-0349.jpg,seller_name,"Hernandez, Barber and Jones","Hernandez, Barber and Jones","Hernandez, Barber and Jones","Hernandez, Barber and Jones",True,,
batch1-0349.jpg,seller_tax_id,934-99-4537,934-99-4537,934-99-4537,934-99-4537,True,,
batch1-0349.jpg,client_name,Hall-Skinner,Hall-Skinner,Hall-Skinner,Hall-Skinner,True,,
batch1-0349.jpg,client_tax_id,944-87-7634,944-87-7634,944-87-7634,944-87-7634,True,,
batch1-0349.jpg,invoice_number,39571754,39571754,39571754,39571754,True,,
batch1-0349.jpg,invoice_date,07/03/2013,07/03/2013,2013-07-03,2013-07-03,True,,
batch1-0349.jpg,net_worth,"6 950,20","6 950,20",6950.20,6950.20,True,,
batch1-0349.jpg,vat,"695,02","695,02",695.02,695.02,True,,
batch1-0349.jpg,gross_worth,"7 645,22","7 645,22",7645.22,7645.22,True,,
batch1-0350.jpg,seller_name,Daniel-Benson,Daniel-Benson,Daniel-Benson,Daniel-Benson,True,,
batch1-0350.jpg,seller_tax_id,991-85-2472,991-85-2472,991-85-2472,991-85-2472,True,,
batch1-0350.jpg,client_name,"Mcdonald, Jordan and Malone","Mcdonald, Jordan and Malone","Mcdonald, Jordan and Malone","Mcdonald, Jordan and Malone",True,,
batch1-0350.jpg,client_tax_id,925-92-0610,925-92-0610,925-92-0610,925-92-0610,True,,
batch1-0350.jpg,invoice_number,39077025,39077025,39077025,39077025,True,,
batch1-0350.jpg,invoice_date,12/15/2011,12/15/2011,2011-12-15,2011-12-15,True,,
batch1-0350.jpg,net_worth,"3 546,94","3 546,94",3546.94,3546.94,True,,
batch1-0350.jpg,vat,"354,69","354,69",354.69,354.69,True,,
batch1-0350.jpg,gross_worth,"3 901,63","3 901,63",3901.63,3901.63,True,,
batch1-0351.jpg,seller_name,Poole-Boyle,Poole-Boyle,Poole-Boyle,Poole-Boyle,True,,
batch1-0351.jpg,seller_tax_id,938-78-7124,938-78-7124,938-78-7124,938-78-7124,True,,
batch1-0351.jpg,client_name,"Ray, Hurst and Cruz","Ray, Hurst and Cruz","Ray, Hurst and Cruz","Ray, Hurst and Cruz",True,,
batch1-0351.jpg,client_tax_id,924-90-5219,924-90-5219,924-90-5219,924-90-5219,True,,
batch1-0351.jpg,invoice_number,77015917,77015917,77015917,77015917,True,,
batch1-0351.jpg,invoice_date,12/21/2017,12/21/2017,2017-12-21,2017-12-21,True,,
batch1-0351.jpg,net_worth,"99,95","99,95",99.95,99.95,True,,
batch1-0351.jpg,vat,"9,99","9,99",9.99,9.99,True,,
batch1-0351.jpg,gross_worth,"109,94","109,94",109.94,109.94,True,,
batch1-0352.jpg,seller_name,Fernandez LLC,Fernandez LLC,Fernandez LLC,Fernandez LLC,True,,
batch1-0352.jpg,seller_tax_id,984-86-2338,984-86-2338,984-86-2338,984-86-2338,True,,
batch1-0352.jpg,client_name,Brown-Carr,Brown-Carr,Brown-Carr,Brown-Carr,True,,
batch1-0352.jpg,client_tax_id,906-94-4177,906-94-4177,906-94-4177,906-94-4177,True,,
batch1-0352.jpg,invoice_number,50554106,50554106,50554106,50554106,True,,
batch1-0352.jpg,invoice_date,12/17/2012,12/17/2012,2012-12-17,2012-12-17,True,,
batch1-0352.jpg,net_worth,"17 148,75","17 148,75",17148.75,17148.75,True,,
batch1-0352.jpg,vat,"1714,88","1714,88",1714.88,1714.88,True,,
batch1-0352.jpg,gross_worth,"18 863,63","18 863,63",18863.63,18863.63,True,,
batch1-0353.jpg,seller_name,Callahan and Sons,Callahan and Sons,Callahan and Sons,Callahan and Sons,True,,
batch1-0353.jpg,seller_tax_id,979-84-7639,979-84-7639,979-84-7639,979-84-7639,True,,
batch1-0353.jpg,client_name,King-Harris,King-Harris,King-Harris,King-Harris,True,,
batch1-0353.jpg,client_tax_id,988-88-5388,988-88-5388,988-88-5388,988-88-5388,True,,
batch1-0353.jpg,invoice_number,10819011,10819011,10819011,10819011,True,,
batch1-0353.jpg,invoice_date,02/09/2018,02/09/2018,2018-02-09,2018-02-09,True,,
batch1-0353.jpg,net_worth,"$ 510,64","510,64",510.64,510.64,True,,formatting_only
batch1-0353.jpg,vat,"$ 51,06","51,06",51.06,51.06,True,,formatting_only
batch1-0353.jpg,gross_worth,"$ 561,70","561,70",561.70,561.70,True,,formatting_only
batch1-0354.jpg,seller_name,Garcia Ltd,Garcia Ltd,Garcia Ltd,Garcia Ltd,True,,
batch1-0354.jpg,seller_tax_id,996-99-0521,996-99-0521,996-99-0521,996-99-0521,True,,
batch1-0354.jpg,client_name,"Anderson, Davidson and Webster","Anderson, Davidson and Webster","Anderson, Davidson and Webster","Anderson, Davidson and Webster",True,,
batch1-0354.jpg,client_tax_id,977-75-8747,977-75-8747,977-75-8747,977-75-8747,True,,
batch1-0354.jpg,invoice_number,49929761,49929761,49929761,49929761,True,,
batch1-0354.jpg,invoice_date,02/04/2021,02/04/2021,2021-02-04,2021-02-04,True,,
batch1-0354.jpg,net_worth,"3 459,66","3 459,66",3459.66,3459.66,True,,
batch1-0354.jpg,vat,"345,97","345,97",345.97,345.97,True,,
batch1-0354.jpg,gross_worth,"3 805,63","3 805,63",3805.63,3805.63,True,,
batch1-0355.jpg,seller_name,"Logan, Deleon and Ayers","Logan, Deleon and Ayers","Logan, Deleon and Ayers","Logan, Deleon and Ayers",True,,
batch1-0355.jpg,seller_tax_id,977-99-2004,977-99-2004,977-99-2004,977-99-2004,True,,
batch1-0355.jpg,client_name,Moyer-Jones,Moyer-Jones,Moyer-Jones,Moyer-Jones,True,,
batch1-0355.jpg,client_tax_id,907-98-7260,907-98-7260,907-98-7260,907-98-7260,True,,
batch1-0355.jpg,invoice_number,92179921,92179921,92179921,92179921,True,,
batch1-0355.jpg,invoice_date,10/11/2012,10/11/2012,2012-10-11,2012-10-11,True,,
batch1-0355.jpg,net_worth,"$ 241,92","241,92",241.92,241.92,True,,formatting_only
batch1-0355.jpg,vat,"$ 24,19","24,19",24.19,24.19,True,,formatting_only
batch1-0355.jpg,gross_worth,"$ 266,11","266,11",266.11,266.11,True,,formatting_only
batch1-0356.jpg,seller_name,Peterson LLC,Peterson LLC,Peterson LLC,Peterson LLC,True,,
batch1-0356.jpg,seller_tax_id,909-90-0060,909-90-0060,909-90-0060,909-90-0060,True,,
batch1-0356.jpg,client_name,"Williams, Yang and Jackson","Williams, Yang and Jackson","Williams, Yang and Jackson","Williams, Yang and Jackson",True,,
batch1-0356.jpg,client_tax_id,926-74-8186,926-74-8186,926-74-8186,926-74-8186,True,,
batch1-0356.jpg,invoice_number,23385207,23385207,23385207,23385207,True,,
batch1-0356.jpg,invoice_date,06/23/2012,06/23/2012,2012-06-23,2012-06-23,True,,
batch1-0356.jpg,net_worth,"240,00","240,00",240.00,240.00,True,,
batch1-0356.jpg,vat,"24,00","24,00",24.00,24.00,True,,
batch1-0356.jpg,gross_worth,"264,00","264,00",264.00,264.00,True,,
batch1-0357.jpg,seller_name,"Houston-Brooks Moore, Hill and Ford",Houston-Brooks,"Houston-Brooks Moore, Hill and Ford",Houston-Brooks,False,medium,
batch1-0357.jpg,seller_tax_id,925-75-9384,925-75-9384,925-75-9384,925-75-9384,True,,
batch1-0357.jpg,client_name,Client,"Moore, Hill and Ford",Client,"Moore, Hill and Ford",False,medium,
batch1-0357.jpg,client_tax_id,968-92-5785,968-92-5785,968-92-5785,968-92-5785,True,,
batch1-0357.jpg,invoice_number,19507687,19507687,19507687,19507687,True,,
batch1-0357.jpg,invoice_date,09/19/2018,09/19/2018,2018-09-19,2018-09-19,True,,
batch1-0357.jpg,net_worth,"55 626,97","55 626,97",55626.97,55626.97,True,,
batch1-0357.jpg,vat,"5 562,70","5 562,70",5562.70,5562.70,True,,
batch1-0357.jpg,gross_worth,"61 189,67","61 189,67",61189.67,61189.67,True,,
batch1-0358.jpg,seller_name,"Gardner, Tucker and Martinez","Gardner, Tucker and Martinez","Gardner, Tucker and Martinez","Gardner, Tucker and Martinez",True,,
batch1-0358.jpg,seller_tax_id,935-91-0274,935-91-0274,935-91-0274,935-91-0274,True,,
batch1-0358.jpg,client_name,Robbins Group,Robbins Group,Robbins Group,Robbins Group,True,,
batch1-0358.jpg,client_tax_id,968-87-5481,968-87-5481,968-87-5481,968-87-5481,True,,
batch1-0358.jpg,invoice_number,61660848,61660848,61660848,61660848,True,,
batch1-0358.jpg,invoice_date,05/30/2019,05/30/2019,2019-05-30,2019-05-30,True,,
batch1-0358.jpg,net_worth,"24,12","24,12",24.12,24.12,True,,
batch1-0358.jpg,vat,"2,41","2,41",2.41,2.41,True,,
batch1-0358.jpg,gross_worth,"26,53","26,53",26.53,26.53,True,,
batch1-0359.jpg,seller_name,"Cook, Bartlett and Giles","Cook, Bartlett and Giles","Cook, Bartlett and Giles","Cook, Bartlett and Giles",True,,
batch1-0359.jpg,seller_tax_id,974-75-0354,974-75-0354,974-75-0354,974-75-0354,True,,
batch1-0359.jpg,client_name,"Smith, Herrera and Graves","Smith, Herrera and Graves","Smith, Herrera and Graves","Smith, Herrera and Graves",True,,
batch1-0359.jpg,client_tax_id,943-83-6136,943-83-6136,943-83-6136,943-83-6136,True,,
batch1-0359.jpg,invoice_number,29534383,29534383,29534383,29534383,True,,
batch1-0359.jpg,invoice_date,05/30/2017,05/30/2017,2017-05-30,2017-05-30,True,,
batch1-0359.jpg,net_worth,"329,34","329,34",329.34,329.34,True,,
batch1-0359.jpg,vat,"32,93","32,93",32.93,32.93,True,,
batch1-0359.jpg,gross_worth,"362,27","362,27",362.27,362.27,True,,
batch1-0360.jpg,seller_name,Mclean Inc,Mclean Inc,Mclean Inc,Mclean Inc,True,,
batch1-0360.jpg,seller_tax_id,913-81-7541,913-81-7541,913-81-7541,913-81-7541,True,,
batch1-0360.jpg,client_name,Richards and Sons,Richards and Sons,Richards and Sons,Richards and Sons,True,,
batch1-0360.jpg,client_tax_id,952-95-0332,952-95-0332,952-95-0332,952-95-0332,True,,
batch1-0360.jpg,invoice_number,58126171,58126171,58126171,58126171,True,,
batch1-0360.jpg,invoice_date,08/14/2015,08/14/2015,2015-08-14,2015-08-14,True,,
batch1-0360.jpg,net_worth,"$ 30 884,30","30 884,30",30884.30,30884.30,True,,formatting_only
batch1-0360.jpg,vat,"$ 3 088,43","3 088,43",3088.43,3088.43,True,,formatting_only
batch1-0360.jpg,gross_worth,"$ 33 972,73","33 972,73",33972.73,33972.73,True,,formatting_only
batch1-0361.jpg,seller_name,Johnson-Young,Johnson-Young,Johnson-Young,Johnson-Young,True,,
batch1-0361.jpg,seller_tax_id,937-77-5283,937-77-5283,937-77-5283,937-77-5283,True,,
batch1-0361.jpg,client_name,"Garcia, Meyer and Cook","Garcia, Meyer and Cook","Garcia, Meyer and Cook","Garcia, Meyer and Cook",True,,
batch1-0361.jpg,client_tax_id,907-73-8031,907-73-8031,907-73-8031,907-73-8031,True,,
batch1-0361.jpg,invoice_number,86575728,86575728,86575728,86575728,True,,
batch1-0361.jpg,invoice_date,11/24/2014,11/24/2014,2014-11-24,2014-11-24,True,,
batch1-0361.jpg,net_worth,"906,70","906,70",906.70,906.70,True,,
batch1-0361.jpg,vat,"90,67","90,67",90.67,90.67,True,,
batch1-0361.jpg,gross_worth,"997,37","997,37",997.37,997.37,True,,
batch1-0362.jpg,seller_name,Smith-Torres,Smith-Torres,Smith-Torres,Smith-Torres,True,,
batch1-0362.jpg,seller_tax_id,927-81-6187,927-81-6187,927-81-6187,927-81-6187,True,,
batch1-0362.jpg,client_name,"Medina, Moss and Martin","Medina, Moss and Martin","Medina, Moss and Martin","Medina, Moss and Martin",True,,
batch1-0362.jpg,client_tax_id,915-85-0288,915-85-0288,915-85-0288,915-85-0288,True,,
batch1-0362.jpg,invoice_number,76628307,76628307,76628307,76628307,True,,
batch1-0362.jpg,invoice_date,05/05/2019,05/05/2019,2019-05-05,2019-05-05,True,,
batch1-0362.jpg,net_worth,"$ 3 084,91","3 084,91",3084.91,3084.91,True,,formatting_only
batch1-0362.jpg,vat,"$ 308,49","308,49",308.49,308.49,True,,formatting_only
batch1-0362.jpg,gross_worth,"$ 3 393,40","3 393,40",3393.40,3393.40,True,,formatting_only
batch1-0363.jpg,seller_name,Nichols-Powell,Nichols-Powell,Nichols-Powell,Nichols-Powell,True,,
batch1-0363.jpg,seller_tax_id,956-84-2083,956-84-2083,956-84-2083,956-84-2083,True,,
batch1-0363.jpg,client_name,Ballard-Henry,Ballard-Henry,Ballard-Henry,Ballard-Henry,True,,
batch1-0363.jpg,client_tax_id,923-84-5244,923-84-5244,923-84-5244,923-84-5244,True,,
batch1-0363.jpg,invoice_number,16499996,16499996,16499996,16499996,True,,
batch1-0363.jpg,invoice_date,05/05/2019,05/05/2019,2019-05-05,2019-05-05,True,,
batch1-0363.jpg,net_worth,"19,50","19,50",19.50,19.50,True,,
batch1-0363.jpg,vat,"1,95","1,95",1.95,1.95,True,,
batch1-0363.jpg,gross_worth,"21,45","21,45",21.45,21.45,True,,
batch1-0364.jpg,seller_name,Thomas-Andrade,Thomas-Andrade,Thomas-Andrade,Thomas-Andrade,True,,
batch1-0364.jpg,seller_tax_id,972-90-5571,972-90-5571,972-90-5571,972-90-5571,True,,
batch1-0364.jpg,client_name,"Macdonald, Bentley and Nguyen","Macdonald, Bentley and Nguyen","Macdonald, Bentley and Nguyen","Macdonald, Bentley and Nguyen",True,,
batch1-0364.jpg,client_tax_id,988-84-2670,988-84-2670,988-84-2670,988-84-2670,True,,
batch1-0364.jpg,invoice_number,61113263,61113263,61113263,61113263,True,,
batch1-0364.jpg,invoice_date,02/04/2014,02/04/2014,2014-02-04,2014-02-04,True,,
batch1-0364.jpg,net_worth,"23 935,84","23 935,84",23935.84,23935.84,True,,
batch1-0364.jpg,vat,"2 393,58","2 393,58",2393.58,2393.58,True,,
batch1-0364.jpg,gross_worth,"26 329,42","26 329,42",26329.42,26329.42,True,,
batch1-0365.jpg,seller_name,Lee Inc,Lee Inc,Lee Inc,Lee Inc,True,,
batch1-0365.jpg,seller_tax_id,952-96-9876,952-96-9876,952-96-9876,952-96-9876,True,,
batch1-0365.jpg,client_name,Olsen Ltd,Olsen Ltd,Olsen Ltd,Olsen Ltd,True,,
batch1-0365.jpg,client_tax_id,932-73-0621,932-73-0621,932-73-0621,932-73-0621,True,,
batch1-0365.jpg,invoice_number,41887329,41887329,41887329,41887329,True,,
batch1-0365.jpg,invoice_date,11/26/2020,11/26/2020,2020-11-26,2020-11-26,True,,
batch1-0365.jpg,net_worth,"$ 17 349,93","17 349,93",17349.93,17349.93,True,,formatting_only
batch1-0365.jpg,vat,"$1 734,99","1 734,99",1734.99,1734.99,True,,formatting_only
batch1-0365.jpg,gross_worth,"$ 19 084,92","19 084,92",19084.92,19084.92,True,,formatting_only
batch1-0366.jpg,seller_name,Williams Ltd,Williams Ltd,Williams Ltd,Williams Ltd,True,,
batch1-0366.jpg,seller_tax_id,964-85-1307,964-85-1307,964-85-1307,964-85-1307,True,,
batch1-0366.jpg,client_name,Gross PLC,Gross PLC,Gross PLC,Gross PLC,True,,
batch1-0366.jpg,client_tax_id,963-76-2257,963-76-2257,963-76-2257,963-76-2257,True,,
batch1-0366.jpg,invoice_number,74583312,74583312,74583312,74583312,True,,
batch1-0366.jpg,invoice_date,05/05/2015,05/05/2015,2015-05-05,2015-05-05,True,,
batch1-0366.jpg,net_worth,"634,36","634,36",634.36,634.36,True,,
batch1-0366.jpg,vat,"63,44","63,44",63.44,63.44,True,,
batch1-0366.jpg,gross_worth,"697,80","697,80",697.80,697.80,True,,
batch1-0367.jpg,seller_name,Day and Sons,Day and Sons,Day and Sons,Day and Sons,True,,
batch1-0367.jpg,seller_tax_id,908-94-9799,908-94-9799,908-94-9799,908-94-9799,True,,
batch1-0367.jpg,client_name,"Phillips, Burton and Mcdaniel","Phillips, Burton and Mcdaniel","Phillips, Burton and Mcdaniel","Phillips, Burton and Mcdaniel",True,,
batch1-0367.jpg,client_tax_id,932-85-2181,932-85-2181,932-85-2181,932-85-2181,True,,
batch1-0367.jpg,invoice_number,23995139,23995139,23995139,23995139,True,,
batch1-0367.jpg,invoice_date,05/30/2015,05/30/2015,2015-05-30,2015-05-30,True,,
batch1-0367.jpg,net_worth,"$ 84 944,82","84 944,82",84944.82,84944.82,True,,formatting_only
batch1-0367.jpg,vat,"$ 8 494,48","8 494,48",8494.48,8494.48,True,,formatting_only
batch1-0367.jpg,gross_worth,"$ 93 439,30","93 439,30",93439.30,93439.30,True,,formatting_only
batch1-0368.jpg,seller_name,Horne-Fields,Horne-Fields,Horne-Fields,Horne-Fields,True,,
batch1-0368.jpg,seller_tax_id,964-80-0842,964-80-0842,964-80-0842,964-80-0842,True,,
batch1-0368.jpg,client_name,French-Sullivan,French-Sullivan,French-Sullivan,French-Sullivan,True,,
batch1-0368.jpg,client_tax_id,905-94-4635,905-94-4635,905-94-4635,905-94-4635,True,,
batch1-0368.jpg,invoice_number,87934175,87934175,87934175,87934175,True,,
batch1-0368.jpg,invoice_date,10/19/2016,10/19/2016,2016-10-19,2016-10-19,True,,
batch1-0368.jpg,net_worth,"97,98","97,98",97.98,97.98,True,,
batch1-0368.jpg,vat,"9,80","9,80",9.80,9.80,True,,
batch1-0368.jpg,gross_worth,"107,78","107,78",107.78,107.78,True,,
batch1-0369.jpg,seller_name,Miller Inc,Miller Inc,Miller Inc,Miller Inc,True,,
batch1-0369.jpg,seller_tax_id,909-72-0896,909-72-0896,909-72-0896,909-72-0896,True,,
batch1-0369.jpg,client_name,"Mason, Melton and Matthews","Mason, Melton and Matthews","Mason, Melton and Matthews","Mason, Melton and Matthews",True,,
batch1-0369.jpg,client_tax_id,911-83-0636,911-83-0636,911-83-0636,911-83-0636,True,,
batch1-0369.jpg,invoice_number,64809205,64809205,64809205,64809205,True,,
batch1-0369.jpg,invoice_date,08/18/2014,08/18/2014,2014-08-18,2014-08-18,True,,
batch1-0369.jpg,net_worth,"651,15","651,15",651.15,651.15,True,,
batch1-0369.jpg,vat,"65,12","65,12",65.12,65.12,True,,
batch1-0369.jpg,gross_worth,"716,27","716,27",716.27,716.27,True,,
batch1-0370.jpg,seller_name,"Thornton, Franklin and Hamilton","Thornton, Franklin and Hamilton","Thornton, Franklin and Hamilton","Thornton, Franklin and Hamilton",True,,
batch1-0370.jpg,seller_tax_id,998-77-7262,998-77-7262,998-77-7262,998-77-7262,True,,
batch1-0370.jpg,client_name,"Farmer, Pennington and Osborn","Farmer, Pennington and Osborn","Farmer, Pennington and Osborn","Farmer, Pennington and Osborn",True,,
batch1-0370.jpg,client_tax_id,997-74-8995,997-74-8995,997-74-8995,997-74-8995,True,,
batch1-0370.jpg,invoice_number,11637316,11637316,11637316,11637316,True,,
batch1-0370.jpg,invoice_date,03/21/2015,03/21/2015,2015-03-21,2015-03-21,True,,
batch1-0370.jpg,net_worth,"$ 3 763,69","3 763,69",3763.69,3763.69,True,,formatting_only
batch1-0370.jpg,vat,"$ 376,37","376,37",376.37,376.37,True,,formatting_only
batch1-0370.jpg,gross_worth,"$4 140,06","4 140,06",4140.06,4140.06,True,,formatting_only
batch1-0371.jpg,seller_name,Lewis and Sons,Lewis and Sons,Lewis and Sons,Lewis and Sons,True,,
batch1-0371.jpg,seller_tax_id,988-97-7797,988-97-7797,988-97-7797,988-97-7797,True,,
batch1-0371.jpg,client_name,Hancock LLC,Hancock LLC,Hancock LLC,Hancock LLC,True,,
batch1-0371.jpg,client_tax_id,982-72-2795,982-72-2795,982-72-2795,982-72-2795,True,,
batch1-0371.jpg,invoice_number,39652805,39652805,39652805,39652805,True,,
batch1-0371.jpg,invoice_date,03/20/2020,03/20/2020,2020-03-20,2020-03-20,True,,
batch1-0371.jpg,net_worth,"299,99","299,99",299.99,299.99,True,,
batch1-0371.jpg,vat,"30,00","30,00",30.00,30.00,True,,
batch1-0371.jpg,gross_worth,"329,99","329,99",329.99,329.99,True,,
batch1-0372.jpg,seller_name,Hart-Wright,Hart-Wright,Hart-Wright,Hart-Wright,True,,
batch1-0372.jpg,seller_tax_id,953-74-2648,953-74-2648,953-74-2648,953-74-2648,True,,
batch1-0372.jpg,client_name,Foster-Parks,Foster-Parks,Foster-Parks,Foster-Parks,True,,
batch1-0372.jpg,client_tax_id,943-86-1330,943-86-1330,943-86-1330,943-86-1330,True,,
batch1-0372.jpg,invoice_number,15172184,15172184,15172184,15172184,True,,
batch1-0372.jpg,invoice_date,08/24/2017,08/24/2017,2017-08-24,2017-08-24,True,,
batch1-0372.jpg,net_worth,"4 819,90","4 819,90",4819.90,4819.90,True,,
batch1-0372.jpg,vat,"481,99","481,99",481.99,481.99,True,,
batch1-0372.jpg,gross_worth,"5 301,89","5 301,89",5301.89,5301.89,True,,
batch1-0373.jpg,seller_name,Jones-Silva,Jones-Silva,Jones-Silva,Jones-Silva,True,,
batch1-0373.jpg,seller_tax_id,902-82-9449,902-82-9449,902-82-9449,902-82-9449,True,,
batch1-0373.jpg,client_name,Stafford and Sons,Stafford and Sons,Stafford and Sons,Stafford and Sons,True,,
batch1-0373.jpg,client_tax_id,910-94-4040,910-94-4040,910-94-4040,910-94-4040,True,,
batch1-0373.jpg,invoice_number,99454334,99454334,99454334,99454334,True,,
batch1-0373.jpg,invoice_date,07/08/2017,07/08/2017,2017-07-08,2017-07-08,True,,
batch1-0373.jpg,net_worth,"96,00","96,00",96.00,96.00,True,,
batch1-0373.jpg,vat,"9,60","9,60",9.60,9.60,True,,
batch1-0373.jpg,gross_worth,"105,60","105,60",105.60,105.60,True,,
batch1-0374.jpg,seller_name,Kirby Group,Kirby Group,Kirby Group,Kirby Group,True,,
batch1-0374.jpg,seller_tax_id,968-79-4900,968-79-4900,968-79-4900,968-79-4900,True,,
batch1-0374.jpg,client_name,Martin-Allison,Martin-Allison,Martin-Allison,Martin-Allison,True,,
batch1-0374.jpg,client_tax_id,943-81-3637,943-81-3637,943-81-3637,943-81-3637,True,,
batch1-0374.jpg,invoice_number,87873157,87873157,87873157,87873157,True,,
batch1-0374.jpg,invoice_date,05/09/2017,05/09/2017,2017-05-09,2017-05-09,True,,
batch1-0374.jpg,net_worth,"6,00","6,00",6.00,6.00,True,,
batch1-0374.jpg,vat,"0,60","0,60",0.60,0.60,True,,
batch1-0374.jpg,gross_worth,"6,60","6,60",6.60,6.60,True,,
batch1-0375.jpg,seller_name,"Moore, Thomas and Crosby","Moore, Thomas and Crosby","Moore, Thomas and Crosby","Moore, Thomas and Crosby",True,,
batch1-0375.jpg,seller_tax_id,943-88-9123,943-88-9123,943-88-9123,943-88-9123,True,,
batch1-0375.jpg,client_name,Aguirre Ltd,Aguirre Ltd,Aguirre Ltd,Aguirre Ltd,True,,
batch1-0375.jpg,client_tax_id,924-73-4934,924-73-4934,924-73-4934,924-73-4934,True,,
batch1-0375.jpg,invoice_number,23897213,23897213,23897213,23897213,True,,
batch1-0375.jpg,invoice_date,07/14/2019,07/14/2019,2019-07-14,2019-07-14,True,,
batch1-0375.jpg,net_worth,"252,63","252,63",252.63,252.63,True,,
batch1-0375.jpg,vat,"25,26","25,26",25.26,25.26,True,,
batch1-0375.jpg,gross_worth,"277,89","277,89",277.89,277.89,True,,
batch1-0376.jpg,seller_name,Ross Group,Ross Group,Ross Group,Ross Group,True,,
batch1-0376.jpg,seller_tax_id,929-73-9404,929-73-9404,929-73-9404,929-73-9404,True,,
batch1-0376.jpg,client_name,Leblanc and Sons,Leblanc and Sons,Leblanc and Sons,Leblanc and Sons,True,,
batch1-0376.jpg,client_tax_id,963-87-9848,963-87-9848,963-87-9848,963-87-9848,True,,
batch1-0376.jpg,invoice_number,60518602,60518602,60518602,60518602,True,,
batch1-0376.jpg,invoice_date,08/30/2016,08/30/2016,2016-08-30,2016-08-30,True,,
batch1-0376.jpg,net_worth,"2 334,95","2 334,95",2334.95,2334.95,True,,
batch1-0376.jpg,vat,"233,50","233,50",233.50,233.50,True,,
batch1-0376.jpg,gross_worth,"2 568,45","2 568,45",2568.45,2568.45,True,,
batch1-0377.jpg,seller_name,Wilkins Ltd,Wilkins Ltd,Wilkins Ltd,Wilkins Ltd,True,,
batch1-0377.jpg,seller_tax_id,928-96-4400,928-96-4400,928-96-4400,928-96-4400,True,,
batch1-0377.jpg,client_name,Ross Inc,Ross Inc,Ross Inc,Ross Inc,True,,
batch1-0377.jpg,client_tax_id,939-96-7563,939-96-7563,939-96-7563,939-96-7563,True,,
batch1-0377.jpg,invoice_number,35259356,35259356,35259356,35259356,True,,
batch1-0377.jpg,invoice_date,01/20/2018,01/20/2018,2018-01-20,2018-01-20,True,,
batch1-0377.jpg,net_worth,"629,80","629,80",629.80,629.80,True,,
batch1-0377.jpg,vat,"62,98","62,98",62.98,62.98,True,,
batch1-0377.jpg,gross_worth,"692,78","692,78",692.78,692.78,True,,
batch1-0378.jpg,seller_name,Duran Group,Duran Group,Duran Group,Duran Group,True,,
batch1-0378.jpg,seller_tax_id,917-88-4853,917-88-4853,917-88-4853,917-88-4853,True,,
batch1-0378.jpg,client_name,Mayer-Bates,Mayer-Bates,Mayer-Bates,Mayer-Bates,True,,
batch1-0378.jpg,client_tax_id,954-81-3871,954-81-3871,954-81-3871,954-81-3871,True,,
batch1-0378.jpg,invoice_number,74263194,74263194,74263194,74263194,True,,
batch1-0378.jpg,invoice_date,03/28/2020,03/28/2020,2020-03-28,2020-03-28,True,,
batch1-0378.jpg,net_worth,"$ 119,93","119,93",119.93,119.93,True,,formatting_only
batch1-0378.jpg,vat,"$ 11,99","11,99",11.99,11.99,True,,formatting_only
batch1-0378.jpg,gross_worth,"$ 131,92","131,92",131.92,131.92,True,,formatting_only
batch1-0379.jpg,seller_name,"Howell, Underwood and Davis","Howell, Underwood and Davis","Howell, Underwood and Davis","Howell, Underwood and Davis",True,,
batch1-0379.jpg,seller_tax_id,989-83-0730,989-83-0730,989-83-0730,989-83-0730,True,,
batch1-0379.jpg,client_name,Gardner LLC,Gardner LLC,Gardner LLC,Gardner LLC,True,,
batch1-0379.jpg,client_tax_id,948-94-1459,948-94-1459,948-94-1459,948-94-1459,True,,
batch1-0379.jpg,invoice_number,59051048,59051048,59051048,59051048,True,,
batch1-0379.jpg,invoice_date,12/12/2015,12/12/2015,2015-12-12,2015-12-12,True,,
batch1-0379.jpg,net_worth,"267,52","267,52",267.52,267.52,True,,
batch1-0379.jpg,vat,"26,75","26,75",26.75,26.75,True,,
batch1-0379.jpg,gross_worth,"294,27","294,27",294.27,294.27,True,,
batch1-0380.jpg,seller_name,Montgomery LLC,Montgomery LLC,Montgomery LLC,Montgomery LLC,True,,
batch1-0380.jpg,seller_tax_id,924-83-8802,924-83-8802,924-83-8802,924-83-8802,True,,
batch1-0380.jpg,client_name,Campbell-Flores,Campbell-Flores,Campbell-Flores,Campbell-Flores,True,,
batch1-0380.jpg,client_tax_id,999-80-5625,999-80-5625,999-80-5625,999-80-5625,True,,
batch1-0380.jpg,invoice_number,13310164,13310164,13310164,13310164,True,,
batch1-0380.jpg,invoice_date,01/16/2020,01/16/2020,2020-01-16,2020-01-16,True,,
batch1-0380.jpg,net_worth,"17 045,00","17 045,00",17045.00,17045.00,True,,
batch1-0380.jpg,vat,"1 704,50","1 704,50",1704.50,1704.50,True,,
batch1-0380.jpg,gross_worth,"18 749,50","18 749,50",18749.50,18749.50,True,,
batch1-0381.jpg,seller_name,Williams PLC,Williams PLC,Williams PLC,Williams PLC,True,,
batch1-0381.jpg,seller_tax_id,995-95-4739,995-95-4739,995-95-4739,995-95-4739,True,,
batch1-0381.jpg,client_name,Mcdonald-Green,Mcdonald-Green,Mcdonald-Green,Mcdonald-Green,True,,
batch1-0381.jpg,client_tax_id,930-74-1829,930-74-1829,930-74-1829,930-74-1829,True,,
batch1-0381.jpg,invoice_number,76272465,76272465,76272465,76272465,True,,
batch1-0381.jpg,invoice_date,01/06/2017,01/06/2017,2017-01-06,2017-01-06,True,,
batch1-0381.jpg,net_worth,"$ 604,99","604,99",604.99,604.99,True,,formatting_only
batch1-0381.jpg,vat,"$ 60,50","60,50",60.50,60.50,True,,formatting_only
batch1-0381.jpg,gross_worth,"$ 665,49","665,49",665.49,665.49,True,,formatting_only
